Maxwell Brooks,210.317441481313,668,3157.16727712013,614
Tyler Holt,287.81358824196,623,4999.44889544391,1741
Carter Funnell,459.049127774336,684,2314.71195888552,1471
Joseph Hobbs,341.166904180854,917,3134.49426205666,2197
Rufus Booth,28.5672447409328,678,2182.87114137591,149
Anabelle Ashley,361.38933005854,994,2366.74951370701,175
Claire Burge,280.315921317002,802,2129.33745808962,2082
Benjamin Mould,236.195368695629,659,4421.33533036818,4736
Chester Wheeler,149.857438226164,588,3019.02696505516,355
Aisha Wheeler,223.559773212559,708,4398.08173874071,49
Penelope Driscoll,307.011329286737,614,4821.37117206928,1222
Blake Todd,28.9150167307421,526,2122.99400942586,2987
Angela Welsch,485.21970854477,644,3603.12381568743,56
Maia Rowlands,236.673314176348,556,2928.51718169009,1152
Clint Fall,67.3567999761351,743,4800.19985895148,2110
Hayden Goodman,154.404414548727,782,4459.12733566301,413
Nicholas Sheldon,448.080115115773,943,2655.88551437803,634
Carmella Wooldridge,166.746022280187,698,4470.27920295125,2403
Kaylee Matthews,71.0377492457804,509,4600.90904942942,1300
Angelina Thomson,251.652450256819,772,2093.92675811654,993
Hayden Hobbs,127.914281528869,735,3078.75617392024,2662
Darlene Harrington,7.48392719099481,562,2255.36335477855,2940
Sebastian Coates,432.029809643063,585,3882.61862514895,691
Ron Bennett,193.300805562316,909,2598.4784096775,2072
Elijah Fleming,86.7812865654851,640,3462.37655354961,3078
Logan Dunbar,357.415967590369,644,4873.59111951645,3424
Ruby Whatson,131.62577052397,647,2999.07264663189,400
Penelope Nielson,149.814026600595,502,4132.03809645401,800
Brad Thompson,499.377966478643,826,3666.48524698405,161
Keira Newton,363.427660247044,854,2403.28189865466,4992
Samara Norton,165.838020005654,854,2604.9699149262,1359
Denis Rehman,129.003927448766,688,2387.99507987173,1611
Daniel Uttley,91.7068188878274,570,2790.45846627022,2503
Hailey Barclay,142.163992793841,766,2020.13144849061,1267
Martin Richards,376.797791335172,704,3144.93258005936,3207
Tiffany Andrews,441.596759855094,716,3162.91049255054,1819
Christine Allington,219.065827080545,689,2624.38188419928,892
Penny Groves,120.251008549822,936,2373.54671002019,1808
Elise Carpenter,347.80031885244,887,3497.00404503383,4208
Iris Larsen,123.895557521794,626,2504.11018502811,3669
Leah Fox,26.5440169924609,707,2689.78667978746,2963
Matt Fields,348.757755983508,525,2213.49599882331,2193
Elijah Evans,152.938056882908,530,3613.27564002679,2223
Denny Parsons,213.072092079125,570,2415.94937546735,2007
Judith Brooks,352.464041674726,506,2544.53724889296,4924
Fiona Shaw,73.1734883334364,699,4444.92477710309,4536
Michaela Eagle,253.513446411357,634,4914.24632619705,2182
Bob Morgan,113.557010835296,904,3945.27709621344,3279
Kaylee Kennedy,292.122194417809,700,2230.06186160821,195
Alexander Swift,23.611296646116,573,2700.00214080094,390
Adela Edwards,330.73300192679,608,3731.03330460518,9
Daria Groves,186.496147202559,948,4231.30431813668,1928
George Bingham,403.42901400357,725,2688.70645055208,2039
Penelope Dixon,400.991338250223,777,4191.45454714189,4945
Manuel Salt,261.006445318463,544,3197.03902213091,4054
Vicky Vince,140.301110263123,653,4285.0652343077,2247
Nathan Norris,437.430049416809,513,4430.31758129286,4649
Megan Brennan,63.6407574529949,520,4721.41453898205,2266
Selena Lloyd,330.407380073521,694,3922.87036512227,4063
Chuck Graham,309.038045156299,963,2316.4018059575,335
Alice Lynn,390.711174286767,844,2477.32157565808,4004
Fiona Hudson,151.373073601338,943,4561.18221082081,2090
Mason Jobson,235.234329109189,779,2641.74477623857,1692
Nick Patel,167.019301994713,619,4924.77722594178,4802
Morgan Wilson,428.501317109215,542,3767.08969712215,3180
Emerald Baker,457.763501657529,927,3524.20268586613,3667
Mason Booth,430.565787650908,983,3051.03158149171,4306
Barry Mullins,7.3261623914941,797,4778.82154336191,1912
Bart Khan,447.879915862288,572,4770.65401947017,4902
Dorothy Bayliss,172.825584762648,908,3516.88809834043,581
Ethan Willson,484.506997069114,734,2673.98826826596,4361
Michael Murphy,6.98970443335814,970,3420.02594505531,787
Maxwell Fowler,38.9377779443459,955,4957.61840315285,4099
Leroy Warner,199.508571075978,719,3439.18532053064,3253
Clint Andersson,348.669985704902,945,2817.50241011405,542
Julian Boden,377.870738577037,899,3977.9388724365,3480
Marla Farrant,161.983606888439,944,3949.05992722514,3658
Gabriel Quinnell,1.53063961841661,902,2873.32526610388,2567
Michaela Malone,444.802687880957,717,4410.4437640954,4483
Francesca Martin,296.739051589155,784,4226.14470743674,2598
Belinda Eaton,325.047391209308,805,2479.79205777673,2398
Luna Hall,209.463532985404,772,2858.04030546129,348
Leanne Wild,399.518785510454,769,4975.0519239805,3251
Josh Palmer,234.258029084773,692,2854.87364579405,2497
Doug Calderwood,456.729552084454,505,4867.73252906731,4508
Hank Morgan,420.306052229044,849,3500.56829886724,3496
Chloe Holt,494.657770121776,997,4879.8141153901,4519
Cameron Emmott,402.132860687158,794,2138.30163345174,356
Brad Vane,426.841920049787,893,3914.28655051453,4358
Rufus Cooper,292.967368554309,844,4060.62807355431,1269
Rosalee Richardson,413.95220214266,957,2320.75997755758,646
Irene Hardwick,178.794250305646,502,3882.25254004181,1533
Erick Hall,260.350884378585,685,2371.25595550018,1543
Rick Collins,297.118526556119,752,3008.8538944823,1531
Faith Ellis,400.74568099377,540,3971.02053798783,1932
Nate Notman,289.957373011372,857,3149.70339844269,4119
Ivy Wright,470.702605660401,848,3820.78476699618,746
Lynn Fowler,271.020184997013,970,4094.86801244312,4157
Macy Wren,348.863654554292,665,4954.29971402478,4541
Madison Funnell,460.21118247612,707,4043.86042029637,913
Harvey Bailey,307.193692666103,980,4798.16429783039,4986
Jayden Middleton,385.879334344472,544,4650.38606342458,2603
Enoch Clarke,157.955344915835,701,4363.00938057993,203
Keira Shaw,183.861649279884,579,4273.03680014053,243
Nina Grady,49.7633095620029,849,2999.38022816897,92
Rocco Radcliffe,282.037859221938,912,4683.91588243931,404
Erin Reid,158.825375169434,592,4761.43694799274,2963
Alan Tate,84.0130536798449,921,2122.77057656635,12
Carmella Leslie,55.9811716973694,787,3153.20693843868,914
Jolene Buckley,493.472012627624,972,2237.3829738262,3448
Kurt Radley,402.17728947251,663,2320.14798797534,711
Lillian Tyler,12.523278218472,633,4468.36308380513,1243
Brad Fields,145.930992648905,809,2004.74487467378,2526
Valerie Matthews,237.088618186344,815,2458.85624462359,4866
Julian Vaughan,345.001657056623,916,3298.78624543677,3968
Chester Hill,133.164126146661,554,4091.01466547466,583
Cedrick Addis,470.803331969214,716,4463.04778167794,4749
Britney Curtis,92.8694577714752,833,2881.37906716549,3182
Sylvia Wilson,266.855972118609,572,4474.63213780645,2959
Hailey Pickard,328.776750391245,536,3540.82941008863,4803
Rufus Ward,29.8688484136336,976,4649.05693456114,3309
Hank Palmer,370.972569445135,892,3417.93899088117,3201
Hayden Nurton,361.115204117315,585,4522.7244389298,1277
Samantha Watt,126.669808499361,520,4119.18676447505,4376
Tess Mccormick,156.64954283305,899,3448.35584887087,2231
Denny Mitchell,125.184658507902,918,3300.66197152373,194
Nathan Villiger,376.217040858333,572,4095.96744749042,1690
Rebecca Freeburn,122.035084572637,892,4729.7593810967,1192
Luna Fall,121.238619269449,879,4174.53263030785,1846
Carmella Buckley,255.817094205328,503,2003.78526772176,4005
Doug Ogilvy,181.61245356389,841,3382.16855083088,689
Ally Talbot,17.3391446500733,712,3798.29882353139,607
Cynthia Nobbs,314.027140896314,842,4325.26299985697,1503
Erick Bentley,254.242318433357,624,4954.42312161784,3992
Amy Brooks,230.779557024957,535,3865.79489175034,2341
Lucas Middleton,55.9104719729677,759,4659.10372285503,524
Marigold Archer,399.585835149319,674,3144.65719632788,1821
Faith Calderwood,36.0493227076015,958,3880.84453026338,2625
Lana Rowan,39.007514303088,616,2648.7263064318,4307
Adelaide Clayton,441.621749367389,569,2435.33070117623,2828
Anthony Mason,289.077459982167,561,4117.88522425708,1866
Chuck Janes,206.482073180602,532,4979.6934411813,3326
Ryan Hunt,351.58295086845,929,3463.40885586404,4811
Juliet Gallacher,342.925304981845,859,3050.76234447945,4444
Rose Jones,389.37101531372,561,4577.5700773157,3738
Benny Jenkins,414.889686694317,964,3420.94131715919,3768
Daphne Gray,164.090837559239,834,2480.23587734124,158
Cassandra Richardson,317.061434725794,859,2531.65595327115,396
Tyson Pitt,364.842432533783,506,2335.9785360624,4239
Owen Alcroft,436.210075621591,991,4894.63455417828,2997
Janelle Blackwall,346.61860624683,567,2272.28614652077,3037
Isabella Morris,247.650945942686,616,4547.16934863067,2581
Ramon Talbot,180.216569904804,556,4462.41042262335,2969
Danny Yates,35.66857663806,713,2360.66099963741,3235
Liliana Salt,36.6369124258109,778,3216.4173075093,514
Leroy Collins,365.022553981292,520,3403.41728494569,3232
Cara Ellis,206.87178088998,604,3623.02309583082,2924
Miriam Eagle,37.372714606753,994,3759.29358288846,2789
Peter Janes,382.954452177488,899,2028.47233667573,770
Bryon Sylvester,356.601452385821,625,4341.84143284049,2524
Bridget Kennedy,299.529559160364,806,4914.55049411559,3960
Monica Doherty,1.14358899003993,864,3448.75819633331,4702
Evie Bennett,496.401565024351,699,2162.93859919437,3428
Marvin Stevens,478.292166442746,765,3455.73183019074,746
Rita Morgan,368.79281540997,701,2021.11423881357,983
Trisha Gilbert,474.228847772921,921,2932.48531452077,1634
Hayden Warden,170.544055193916,795,4784.06524427518,2037
Eduardo Willis,176.515978803167,705,3739.66501341838,3235
Gemma Harris,399.985862970811,643,2608.78425465281,1685
Nancy Tutton,91.6451982537495,903,2613.18220354299,4350
Peter Fox,178.809311724645,863,4989.23881773382,875
Lindsay Spencer,391.369931977414,781,2588.31752872761,4637
Rufus Rose,228.13752869849,879,2761.4362061701,545
Maribel Clarke,89.1480284007956,666,3625.1735098088,937
Vivian Bowen,497.801257310343,873,2337.98978497507,4333
Hanna Rogers,175.984175222918,663,4637.59961045934,3385
Louise White,403.102355112835,686,3856.50343625969,3255
William Whitmore,376.24033141613,598,3129.11660079337,3402
Liliana Graham,65.343049588773,573,4679.00244382862,3631
Marvin Hancock,483.297430216473,774,3970.54758223172,1114
John Buckley,188.37553623243,648,2288.2318351838,4767
Martha Ripley,195.97401162422,933,3941.70013376358,4944
Violet Neal,96.9143598568227,549,3940.09641148061,1804
Daniel Kennedy,111.095074540048,846,4921.52904895764,4221
Erick Willson,203.032800959904,555,2582.79577099569,2514
Rachael Eastwood,368.319389227461,798,3678.68357095666,3411
Esmeralda Thornton,217.728561822199,639,4811.04877131854,1589
Isabella York,388.416384154659,722,2069.50124839437,4481
Carrie Wilcox,248.998017947654,559,3791.38994894847,4820
Janice Shaw,71.6616238847662,705,2031.35866185434,4370
Fred Webster,478.468980398247,992,4380.97976634138,4597
Ruby Vane,362.712807641231,909,4102.80553582395,583
Percy Lewin,120.837592286448,669,2944.74506634928,3688
Henry Mullins,496.766360245536,528,3712.5369569685,3950
Kurt Lewis,424.703006422475,509,2597.49896210595,4549
Nick Ross,388.440630652681,928,2885.16054751499,1201
Elisabeth Vollans,368.640981230718,861,2739.07051478982,4534
David Sherwood,329.152777413909,587,2084.87992985401,39
Julia Gordon,319.040326842591,669,3286.06672621102,1384
Adalie Olivier,179.698081134678,802,4452.35398000495,1450
Bernadette Truscott,187.601959823445,816,2334.49408668955,1969
Maribel Hope,211.74853869283,780,4545.27661863634,796
Ryan Eagle,267.307951259105,787,3341.10729687433,621
Erin Woodley,54.8405881248604,899,4657.1115281615,3977
Catherine Addley,391.52737050528,773,4834.23244784085,2383
Fred Martin,36.5100244099787,710,3340.99293566681,3879
Nathan Gonzales,291.927044242121,747,3525.83684549985,739
Roger Bingham,258.536688433279,818,4295.99783310946,3162
Rosalie Hamilton,330.590184786632,537,2292.48588213394,1953
Elijah Booth,492.661142805899,923,2069.80250605,3649
Alessandra Oliver,452.274645109323,845,3195.95787525315,721
Chad Shaw,280.306409149108,756,4367.68710799408,4756
Tyson Ellis,350.48507406818,720,2311.58210683595,3169
Julia Shields,451.493697247698,867,4721.74611242523,3649
Juliet Bell,180.261801805003,816,4794.37049501826,207
Sabina Warren,162.196487540471,987,4689.2980766675,1898
Jaylene Dubois,138.800841429178,846,2169.08737172842,4782
Belinda Shea,223.653776153761,780,4346.87380629632,4161
Chadwick Morris,80.7695082159571,557,3199.89324005455,1084
Thea May,227.00551330671,597,3063.96852965419,2140
Martin Mccall,38.3036570252402,587,4027.21463211217,2726
Emerald Notman,168.541913842103,661,2425.712004518,4667
Courtney West,334.876181724424,953,3427.31933850577,502
Sasha Mitchell,377.091117962772,842,2396.83531714689,1173
Rita Russell,493.483321689294,777,3708.30932175848,642
Lucas Parsons,241.311504630983,646,2786.13623242785,946
Anabel Moran,74.598588783107,992,2222.52408084996,4755
Bryon Trent,14.2039678479563,853,2264.36331737664,3010
Sonya Lewis,496.098943854728,783,4338.9708061409,4591
Caydence Lunt,263.493042400802,977,3488.25290324784,2783
Adina Nelson,39.9126669745486,979,3811.84389882667,4870
Camellia Norman,369.394048805998,974,4074.38971896162,4522
Hannah Shaw,98.3669790333914,813,2198.41876511435,4272
Valerie Hooper,359.530232696575,975,2449.616618675,3656
Drew Anderson,169.389883802454,627,3778.3249938131,2461
Daniel Attwood,2.83485235126449,551,2150.60320660919,1836
Monica Wilson,441.010633816016,746,2314.60491049737,3223
Jules Miller,123.588513197651,888,2650.60059793741,2969
George Gordon,462.603387974484,520,2406.34481427835,2510
Rosalee Becker,369.668664445015,963,3751.77310103354,1707
Elijah Fox,412.232202302773,892,3831.46100217917,2948
Peter Middleton,249.786987075017,617,3528.46478106569,236
Alessia Bristow,112.747899779467,832,4975.52559697839,3049
Domenic Rowlands,11.6621877018652,907,3308.75073020242,1967
Abdul Hamilton,355.314351777692,571,3357.59188151341,4348
Aurelia Craig,65.2295052303139,601,4639.71237041369,1605
Sebastian Zaoui,60.8331664352832,853,2525.33001692469,341
Caleb Shaw,256.061933858815,518,4522.70065318733,3521
Javier Seymour,265.77072557936,578,4388.81826974722,2223
Chester Ralph,431.141496922887,974,3483.76669869608,2538
Cadence Callan,309.53572007573,992,2222.92944616309,348
Carla Taylor,86.2891663002265,764,3498.1566288607,2759
Tony Gaynor,152.323143699357,507,2786.77324137407,899
Mason Knott,431.018399881208,647,3585.90699203541,57
Aeris Fleming,77.4552387089726,920,2259.7395978294,788
Alan Gibbons,317.363279990555,992,3194.31136051207,3134
Adina Fields,456.355214843692,881,4413.16958181149,1347
Maxwell Matthews,362.643150832804,691,3552.72247744106,254
Gabriel Phillips,315.216869188574,791,4572.83660335272,2716
Alessandra Lewis,198.46509827276,853,4005.49338267534,1382
Hayden Osman,431.34892679674,642,3715.39781963192,2731
Tess Rogers,239.116941095384,820,4802.47130052348,1409
Lucas Drew,391.054958451565,759,2657.48584282887,4497
Darlene Parker,467.055449930045,574,2317.87261590076,4289
Ally Button,200.059172611711,909,2112.34233439357,676
Judith Hepburn,328.461751340638,996,3275.72625865076,447
Hayden Kidd,116.643146559896,931,3158.5993863049,526
Rosie Stanley,219.373130760795,622,4349.63439023105,2035
Michael Isaac,297.745354614102,856,3150.2630412645,3230
Nicholas Abbot,367.510037003788,664,2181.24306846514,52
Gil Lynn,408.012756759307,729,4141.21948919828,3813
Clint Stuart,454.87299742404,913,3760.82430329585,916
Brad Dwyer,49.8485897569212,690,2651.64002941299,1415
Aurelia Glass,159.376611918386,565,2701.73495320358,2834
Mike Norburn,442.880751710795,762,4850.89467689995,3719
Melanie Clarkson,2.14767404373161,842,2438.31627716651,4875
Louise Ianson,21.6005696810785,686,2530.43970526962,681
Doris Johnson,168.674910969881,569,2781.60108552761,205
Jane Brown,295.147084024338,976,3908.03771454284,4013
Quinn Wilson,192.170826754612,530,2465.34055635163,3920
Tom Butler,79.7082605816928,720,3169.25711365987,3613
Denis Silva,153.742923471957,773,3934.49343748553,2286
Daron Casey,133.404914188853,781,3710.337604738,846
Daron Walsh,42.181596268053,667,3062.91301680585,3282
Shannon Murphy,473.201321412437,944,2693.03475600809,975
Bob Williams,195.739144347952,838,3809.56727118304,191
Roger Oswald,310.587679420406,685,2815.18927756845,4740
Clint Newman,414.951442412544,914,4670.78671641265,4992
Owen Campbell,457.033964286574,685,3103.92969343948,4019
Harvey Purvis,162.479043563585,807,2888.37391703221,4152
Megan Holmes,390.67425608061,506,4825.50964964531,2577
Norah Price,349.498925762483,976,4036.2967215396,4628
Ally Hardwick,85.2521012584921,828,3700.63062374603,1890
Christine Nurton,24.5318751360904,788,4998.77349393245,2743
Amelia Exton,45.9720966047477,762,4563.83398874236,587
Tom Richardson,309.644825391772,591,4065.35903941903,1539
Tom Parker,125.213262794639,521,3902.5634388456,560
Jamie Coates,3.6984604204532,862,3211.58777262344,3852
Ema Flack,262.314934318101,709,3621.34551468042,3435
Abdul Dale,429.358223598152,586,2809.21727882755,4132
Denis Hunt,461.454880231272,704,3237.37936668022,1735
Jocelyn Collis,293.213524091623,528,3235.73008903662,2555
Harmony Olivier,284.708751223846,933,3069.5686465714,4012
Tiffany Robertson,54.7350323939393,740,4697.84131030778,3729
Estrella James,343.111710427381,967,2213.70353421183,645
Peter Simpson,348.446036149955,814,3985.05627983159,4796
Rosalee Owens,223.567076232083,943,3818.05359696506,3810
Jenna Weasley,382.687984293181,686,2933.95437356362,3476
Kassandra Nobbs,348.496728064258,502,4216.91456711288,451
Carla Smith,250.44563882679,839,3565.70475392402,4233
Colleen Stuart,253.079264953769,529,2520.85313105157,4870
Ron Neville,88.3847994689759,745,4798.54424895977,2641
Camila Owen,64.7065039103415,826,4388.35122640308,1953
Anne Palmer,401.24211282434,991,3576.6982899819,4710
Rick Brown,44.5229774320139,821,2093.09119901391,1183
Miley Skinner,340.567816240977,950,2451.70858339207,1036
Chris Mills,407.710945827752,864,4002.58300136755,679
Paula Carter,403.649733801209,843,3648.70544009782,4668
Mya Mackenzie,427.0967243426,807,3248.49638811382,1358
Bethany Burge,191.652163650679,766,4328.17671007252,1067
Francesca Simpson,360.420603382597,969,3523.3409173099,1232
Aiden Richards,296.13017549139,931,4903.07117658671,4917
Shannon Villiger,345.399242433905,607,3369.5549586362,3360
Daron Harrison,451.031100259643,736,3419.91312503764,1466
Freya Dyson,18.3464730695572,877,3106.61551253619,20
Caleb Fowler,144.414638352308,790,3650.54380287768,3411
Tom Raven,342.264236842405,932,2803.52157131421,166
Emmanuelle Farrell,478.118459330927,608,3707.93392980794,3563
Hadley Jordan,316.321503764168,891,2631.61504310119,171
Chanelle Hood,306.352351929225,743,4372.64808037721,4835
Nate Flack,220.766859409756,912,4168.31520134644,3587
Josh Wood,282.718031674027,740,4605.87118905451,1731
Camden Fleming,115.474574450624,824,4494.37649281713,4112
Isabel Lloyd,487.166140719394,735,2749.28882584874,2926
Lexi Richards,162.909743116661,503,2198.66792213762,3652
Aisha Mcgee,206.743258535742,740,2423.25668595557,2277
Tyler Boyle,223.60734220669,695,2007.58271661288,4365
Destiny Bailey,466.313774173294,714,4686.25019599369,3156
Dorothy Palmer,309.162929358502,903,4756.19986859439,244
Julian Ramsey,33.8328944271584,954,2044.90721498984,1189
Gwen Olivier,21.3207261833924,663,2399.89456807631,497
Tess Baker,276.51695391001,746,4549.22571340866,229
Mya Reyes,34.5264918485314,703,3024.16098854605,4276
Aeris Thorne,404.9170594527,703,2574.18441840084,386
Isabella Mould,477.48501028795,634,4122.90654654843,2501
Adela Moss,103.21457798789,803,4591.8424865924,914
Owen Turner,113.698819461138,579,3415.95880694127,3937
Elijah Dubois,304.360387026966,666,3247.85145790309,1754
Jocelyn Nayler,310.360112597868,809,4721.30673025982,4357
Doug Hood,65.9451597593469,537,2671.84187235396,2704
Amy Swift,365.484070985338,763,3442.34384892292,3517
Hazel Kelly,439.789822557378,681,2769.70836424581,3129
Julian Palmer,14.3179284773385,696,2864.82719938775,4950
Fiona Page ,354.383513666402,759,4375.98531390772,391
Havana Roscoe,356.138834592485,508,4749.18964437218,4396
Abdul Shaw,265.872094950579,618,3346.28066874029,561
Taylor Thomas,392.442210219075,828,3608.58613940914,545
Ronald Quinton,205.086326379835,902,2854.0819560341,1418
Peyton Mason,134.110009592078,564,3538.3461117015,303
Sabina Avery,11.2593556150139,551,3219.5343474073,2907
Domenic Simpson,38.1772913603006,776,4722.47129116835,901
Maya Groves,187.244472098651,895,4859.55527350379,254
Kieth Clarke,164.271262621633,548,3788.72461253019,1104
Tyson Bingham,470.004237112126,775,2669.6622710096,3457
Harvey Richardson,20.3598393762297,819,4844.67754563255,4073
Jack Carpenter,286.067944651036,852,2156.88533016242,2721
Mark Carter,443.479366889447,726,2995.16134097295,237
Cedrick Williams,65.1510994695831,791,2295.65246195237,3687
Claire Jeffery,327.3788864619,796,2844.21594620925,1438
Gwen Cox,24.8890530061391,559,2023.93584060992,1833
Lillian Morley,300.706360843827,599,3774.51841862198,3917
Leroy Whittle,269.474119710491,707,4899.05388334908,2013
Adina Camden,263.605033740683,631,2495.23199987469,4940
Nina Dann,204.12051703088,607,2646.52622494126,1191
Christine Gonzales,216.063771661866,930,4431.99425527174,4819
Benny Mooney,470.079591278024,917,4149.09388270327,1519
Bart Potts,38.4347375153726,737,2631.90038000462,674
Bree Ross,36.3231448476776,973,2531.5674342553,3278
Chris Andrews,29.7150973694935,805,2898.16369954691,3354
Joseph Dyson,85.6919763082135,513,4734.76558387175,2396
Johnny Alcroft,151.221343117869,581,4177.03208842223,577
Jolene Victor,375.763336708193,756,2538.09041157835,3059
Molly Henderson,100.775461953494,635,4410.92161968533,750
Teagan Mason,53.1592563554455,778,3405.74835920927,1217
Anais Newton,203.330541397599,841,3486.46710528967,1165
Meredith Powell,396.990399903148,800,3244.17605242141,1860
Alan West,346.498529937816,649,2040.89501582966,2119
Julian Rehman,340.282685786617,507,2806.48745452496,3832
Dalia Milner,324.703067039001,654,2114.37090363371,1920
William Gosling,293.690041728639,991,2557.32116017273,2589
Angela Gordon,480.391432575598,717,2777.56691843577,3698
Joseph Lee,486.523025847284,751,4505.06378572763,4227
Aiden Williams,120.654424039486,563,4746.85071874124,4281
Nate Quinnell,394.494845649924,980,3491.57431232397,2439
Domenic Sawyer,314.389605112555,568,3706.57655776598,3094
Maxwell Freeburn,58.7502943946748,813,2413.87695336336,4112
Alice Isaac,349.045364119134,770,3737.45334899214,1119
Ron Torres,147.475068357063,974,2045.89387270105,3369
Julius Terry,196.67157139055,538,3526.78645494943,3300
Johnathan Bradley,206.650584132714,808,2416.50661328133,601
Sebastian Isaac,199.048342116665,968,4737.86666597513,4516
Alexander Vane,283.099862196064,928,4857.23125395795,980
Trisha Dubois,134.188844825229,629,4641.23881312843,3812
Stacy Wade,320.154359411054,984,4485.87243408937,3252
Rufus Olivier,87.4788821374434,902,2523.1474632398,4753
Enoch Mason,368.458720089616,709,3266.42544807188,4537
Isabella Mccall,43.517780525851,904,2521.28145473557,2879
Julian Button,373.738412058325,613,2617.62341776799,3616
Michael Carpenter,488.092767501293,520,2924.93602935036,2327
Mabel Wilcox,302.217395718311,864,2183.49120466713,4985
Maia Windsor,411.998930796515,598,2687.29388944399,2127
Maxwell Yarlett,182.53044402624,917,4088.85891556221,4423
Denny Dubois,7.77744473972239,790,3032.00244638277,1935
John Mccormick,476.686021240748,623,2691.61014154349,1901
Mandy Khan,461.74862968584,899,3847.03922045466,3692
Harriet Becker,498.907206456134,679,4532.27400832729,658
Christy Edmonds,204.479067761208,998,4431.48550276155,83
Nicholas Nelson,394.133285417284,960,3365.9631736269,595
Hayden Hunter,491.397294569014,869,4529.91379861437,974
Matthew Shepherd,73.1083475784903,706,2347.01583365724,138
Anais Jack,273.112446924724,631,4346.69505148879,3613
Owen Burnley,222.54165036955,972,2718.50142020569,2049
Alan Driscoll,364.565301262571,782,4405.78754846509,3693
Enoch Craig,50.6721404686906,558,4678.54099942862,3194
Eve Yates,174.201379533951,851,2046.61613876075,1357
Ryan Pitt,213.906662432899,803,2006.59518838562,3925
Hank Holmes,348.743574312769,662,3573.1358928262,4601
Sage Cobb,278.550950212195,500,2915.38126466814,3520
Doris Rust,242.712148423173,974,2882.28155937571,1042
Alexa Ulyatt,301.097307428763,538,2997.050626406,1772
Daphne Mccall,213.823533475317,532,4345.50094934483,2443
Doug Upton,103.120800592061,762,4708.34397835347,2113
Freya Reading,405.401550330409,731,2349.99074830161,4577
Bethany Rodgers,446.224589849461,750,3938.42568718662,1093
Sonya Stone ,482.701161887823,605,3381.99314153427,1592
Johnny Steer,171.698264125594,876,3963.57682266765,3458
Gil Gunn,296.310276917326,916,2449.72970586351,2938
Phoebe Kennedy,264.558252117391,847,2920.25288746425,563
Hailey Greenwood,132.349329567211,704,2431.93636344789,3308
Hanna Mullins,139.239109497163,823,4426.76616610995,1780
Makenzie Foxley,258.814010722942,985,3870.00242920732,2929
Caitlyn Potter,202.035912603157,722,3922.58075468223,3926
Tiffany Heaton,176.448197628114,686,2513.33390568073,101
Macy Eastwood,46.7191271091435,896,3017.8492285995,974
Gemma Cassidy,343.639627477918,673,4468.56395383392,1421
Francesca Trent,385.636258375662,829,4587.77512565384,747
Penelope Cowan,274.345038255837,740,4853.25102457369,4106
Rowan Archer,489.06535907605,593,2752.44921030218,118
Nate Cassidy,187.529988895417,942,2269.28056796793,4611
Oliver Amstead,255.228252610298,972,3928.70331680528,3722
Owen Jenkins,249.735158183954,694,3577.40528088035,376
Bethany Devonport,243.51899050014,593,3904.05509615413,2140
Sasha Robinson,363.457370643717,532,3673.60476947092,3241
Piper Newton,494.33608624541,681,3326.6660309628,4024
Janice Hunter,294.84770366263,562,4427.73884115961,1844
Jane Gregory,179.875029440911,586,3548.47062502125,2205
Manuel Mason,74.9397443518693,565,4221.24947668298,2489
Summer Saunders,492.044630290961,926,3146.8237901874,3725
Christy Redden,225.916618811393,859,4087.98174119973,3726
Daniel London,44.4730665406552,932,4763.27282878024,4035
Marla Shepherd,241.848158244439,799,3880.99465979216,1885
Naomi Samuel,116.975756010961,525,3284.70016093911,4435
Fred Widdows,234.452109771526,979,3155.17616109698,1656
Julian Hilton,355.063136045385,885,2137.7642492446,803
Ada Thorne,408.823288884863,960,3024.90266919364,1950
Ada Widdows,490.659425264997,886,4935.89472301951,2767
Marvin Moss,206.096446222671,835,2801.1614688943,1338
Roger Eaton,22.1850876781089,605,4672.05311217161,1830
Dorothy Douglas,11.1269049277189,774,3704.45495137035,4214
Chris Michael,58.7318980981279,584,2654.18097777021,3074
Doug Taylor,32.5493574829536,830,3963.85329290333,4099
Josh Jordan,365.090414444027,803,3221.82662871239,3424
Paula Wade,331.844095160181,820,4487.87842035893,3386
Jacob Janes,180.824849230156,502,3790.94150457435,452
Roger Adler,117.365983364343,636,4188.70696323305,2839
Evelynn James,231.708858862384,952,3450.56082566854,1682
Adela Carter,298.234166544971,835,4953.45433187366,2405
Rufus Hewitt,72.1342919651113,574,3547.27892277868,3691
Tyson Osmond,374.932216159502,568,2220.13468908851,1104
Boris Wilde,223.876687342709,632,4002.00456931303,3270
Maya Cavanagh,494.24963662785,955,4378.26054588019,1031
George Blackwall,123.945404319999,714,2501.45940876867,688
Felicity Murray,490.522677528915,549,3350.70114856246,3578
Lynn Parker,399.476508912387,564,3484.54408049329,3736
William Dickson,283.956285017988,835,4793.56804190183,2922
Andie Baxter,117.278609556276,708,2379.80975690801,807
Wendy Cooper,377.539529001126,774,2588.97527004544,1186
Danny Lloyd,197.750002484652,700,4048.28293406325,2124
Mark Needham,342.050452062418,977,3545.75258258626,3313
Logan Dixon,104.671773051225,833,4905.19616908496,2769
Lucy Giles,312.370868451135,990,3303.3490614902,4303
Emery Stevenson,196.550796353515,997,4977.16250340881,2594
Rose Stubbs,28.2395859650521,893,4657.27370055871,1957
Sylvia Murray,204.425219597959,776,4542.94470187367,768
Bryon Foxley,453.249091015313,850,2281.004624011,2243
Maya Pickard,374.21443622383,754,2444.69391449061,2905
Georgia Mould,354.73926489369,548,3768.9421479264,4869
David Faulkner,367.544386715882,803,4526.06265956958,4118
Melody Fields,120.960481705591,617,3014.51176899835,3717
Dakota Morris,263.259078450156,865,4918.23375332506,1306
Wade Fenton,411.316316221522,653,4182.26890188794,4506
Martin Parker,214.90701589729,575,4056.54939999131,1627
Sylvia Maxwell,327.369787804023,613,3061.23121059324,995
Adalind Lambert,74.7619039992624,655,3035.57827323609,4205
Enoch Verdon,30.5111026784922,845,3001.76840803249,4361
Jolene Booth,5.84074626715889,854,3217.75777216198,4292
Teagan Tanner,186.469159202403,542,2324.91405072991,4850
Faith Thomas,337.081935994831,664,2932.46145546365,3869
Rylee Reid,16.3210394756501,800,3065.59642167417,1499
Erick Allcott,68.7414946349997,502,3356.80708278893,4846
Manuel Holt,483.951031860407,798,4164.27691130306,1730
Aurelia Hunt,254.698057506093,689,4807.13277642156,3009
Emely Stevenson,126.016925102573,936,4355.74541590491,548
Emma Button,436.223114389564,637,3078.32172666645,3047
Daron Goldsmith,134.310150603443,522,2766.36027306614,2572
Juliet Barrett,40.1987584485667,804,3206.45802199117,1504
Boris Whatson,217.181796786926,602,3462.20923336745,1774
Carl Norris,287.148017425625,688,4309.46861361967,4133
Mya Norman,122.995065835768,828,3075.33502394861,4451
Jack Maxwell,37.4710846200916,882,4922.67820505178,2916
Estrella King,499.779685567031,550,4068.59051057584,1194
Isabella Knight,365.308790561421,865,4345.00533442386,3655
Jack Warden,90.0753530976713,923,2946.48436667327,3878
Naomi Wellington,47.6004942090253,734,4379.99566945061,2175
Domenic Morgan,48.5544480460484,702,3253.70297708907,2297
John King,496.290289816116,732,2102.86965104606,1204
Willow Ward,139.68394057438,647,2975.05809776488,4989
Benny Attwood,119.936940717482,656,2885.07947671836,3038
Ronald Eyres,170.760625782311,686,3162.13218016835,1057
Margaret Swan,93.0597758693899,865,2687.95348565232,2000
Havana Sherwood,326.770137999565,748,3220.82949028622,708
Tom Russel,405.6981874838,605,4574.25040095404,4302
Martha Whatson,293.89005724289,775,2251.67410483848,2100
Lorraine Young,272.008268672977,991,4739.81824922739,3272
Rachael Victor,193.932218202358,965,2692.20321159354,932
Judith Stubbs,46.3265660113313,904,4611.87125028897,2264
Cedrick Butler,81.5680331292413,548,2228.71126632705,2129
Margaret Strong,176.898375272238,939,3669.96415997621,594
Chuck Andrews,452.354887999759,843,3096.20871350319,4173
Oliver Pierce,346.673943587893,568,3592.34838551206,4636
Sofia Abbey,72.3103587959476,610,3516.5912826199,2817
Caleb Dobson,30.5352000196163,681,4071.24896470236,4500
Mason Butler,424.796542167569,679,2784.59603441395,537
Tom Morrison,400.821918079081,774,4858.43690651443,1161
Camellia Adler,174.39861303959,881,2370.11668044148,3430
Chelsea Latham,357.00174689293,712,2710.6464844079,3438
Quinn Walker,102.881597024799,857,2340.1567594135,3220
Hope Weldon,196.107196524789,549,2390.13556161995,3853
Meredith Porter,386.724623082543,839,4019.36792031879,879
Goldie Emmett,270.563639169356,587,4587.56158506617,828
Sarah Evans,473.234002719742,620,2358.52610287886,3342
Rufus Hunt,485.584548618451,933,3963.99762509111,550
Rick Simpson,128.53108053586,756,3615.07486301431,2614
Makenzie Sheldon,263.528693995219,772,4798.83341424485,3924
Darlene Swan,11.6529278641813,599,2034.68787804045,4327
Gil Bell,40.8865394363583,783,2196.43708797611,4714
Rosalie Mitchell,42.4078383717722,579,4156.42109450019,2348
Nick Asher,384.03766799813,875,2244.48064818162,3524
Lucas Horton,174.244184745124,921,3944.67609055698,33
Chloe Varndell,159.459678403782,545,3807.31385566542,3961
Barney Sheldon,72.3014087054419,615,4186.22742223331,1139
Charlotte Rodgers,149.997946168761,702,4583.2584273835,161
Quinn Rigg,488.434995420945,865,2457.24535970913,4009
Juliette Walsh,441.164912124241,861,4876.11627678718,1950
Marla Corbett,367.619318495793,508,3846.7562611819,2905
Gwen Reid,382.457318436567,600,2178.62530548946,216
Thea Weston,77.9909199075731,528,3289.42913596073,3810
Ronald Kelly,154.339219014318,940,2047.04140406989,2974
Sebastian Edley,390.361077777744,839,2451.17669385494,350
Bob Cooper,399.82257204122,769,4041.96382826192,639
Carmella Bristow,24.3039368248097,595,2764.38800750877,3732
Caydence Booth,370.748140153824,707,3819.13097017451,1909
Jocelyn Welsch,488.00257534301,907,4958.24917947187,4467
Hazel Mason,195.626204449044,687,4262.2815186676,1874
Josh Sawyer,231.525535873382,986,4796.49967676005,2538
Isabel Whinter,296.192662466873,845,2473.28880634079,3745
Joseph Appleton,429.06141845326,527,2890.50083650532,4798
Jessica Vaughn,230.985522383817,733,2123.68446926059,1250
Eduardo Shields,327.044641795589,751,2919.75236305024,4040
Javier Graves,248.23270535899,668,3879.25392772083,2620
Gina Mitchell,442.164414951189,512,2039.37302549294,1196
Enoch Thomas,161.551098095044,754,3324.71550522452,1791
Paula Vernon,81.5519229800216,654,2740.19090662533,1696
Gil Upton,353.834406114572,865,4827.33024419534,3105
Gemma Bell,332.641172719952,835,2791.8418233948,4897
Samara Cowan,363.053984049267,758,4937.56671572643,2042
Jazmin Nelson,255.638035130053,986,4056.28913189531,1547
Beatrice Sawyer,362.378393531022,610,4661.01125977515,790
Molly Goldsmith,21.8973760981566,855,2988.89440085222,2030
Kieth Benson,255.726217484905,633,2969.13130455191,3902
Daniel Preston,396.979004443148,676,3086.05233747421,413
Benjamin Woodley,195.840166415013,521,3077.38732454758,858
Enoch Davies,400.180903357538,871,3702.95713799165,1462
Tess Pickard,335.400778033026,623,3321.77783271427,457
Eve Gordon,426.678983685411,922,3882.28873119889,1331
Jennifer Truscott,483.151408754825,669,2288.11940526223,1806
Daron Kennedy,88.2252247907339,510,2179.0624456839,1758
Jacob Plant,80.9494348498757,531,4853.12062485103,2941
Karla Coleman,403.173890220548,946,3432.56800631134,3092
Ada Pearce,347.574782833725,640,4657.31220949316,2350
Gina Bryant,197.792703908306,808,3480.57816939129,4593
Judith Chappell,48.0156028764395,515,4252.34050050859,3839
Carmen Owens,423.698293189378,828,3210.92397023315,3648
Denny Wise,473.273578286764,818,3777.59883868629,290
Summer Pearson,237.313834313449,797,4920.43893676737,3639
Bart Quinn,259.943442051273,617,3540.61566528474,4956
Emely Becker,458.990805785167,934,4660.69132444714,1115
Barney Fox,376.501871639165,708,4918.73659054224,4895
Kurt Harris,269.873271640797,629,4787.17418621582,4412
Parker Fulton,280.432700538744,828,3937.25651944161,466
Charlotte Shepherd,345.587588911218,811,3118.85009989694,1733
Peter Oswald,450.54569866394,603,2765.30428401162,4100
Kurt Olivier,53.9874571594351,908,4958.47460410487,2039
Renee Adler,454.106185862378,622,2970.27945941281,3196
Clint Craig,192.165534087534,511,4738.76786126791,3485
Clint Selby,103.305865633444,564,4513.66141685688,2295
Logan Huggins,277.703835387111,556,2644.56159165947,1439
Leroy Judd,147.576859549888,633,3703.64651066607,3926
Trisha Sherry,305.192222738728,609,2358.64323800553,4813
Oliver Torres,266.070698063854,722,4359.86291916336,3455
Tyler Samuel,48.169715973162,801,4206.22612473472,2575
Bart Walker,236.637241576629,829,3029.2259160095,308
Manuel Wilton,445.434283889101,530,2450.54487039174,4776
Rylee Poulton,463.507789624626,856,3725.03847661802,2959
Clint Richards,15.8737798756332,983,4113.79366862718,2972
Maxwell Beal,298.188076800289,922,3149.95955701077,58
Margaret Reid,377.944831131,812,3945.70432498153,354
Alma Marshall,111.896502356462,799,2202.37337635801,3545
Eve Clark,215.18579125413,820,3398.12248288473,1733
Jack Exton,169.542952247682,774,4107.28014544085,1998
Jocelyn Speed,402.379511971669,584,4686.37170185864,1970
Harriet Bolton,185.529644814567,907,2407.75204887788,804
Violet Hopkinson,489.288579662465,911,2834.66227754888,1352
Kieth Yarwood,496.518584394603,808,2597.09613926108,791
Belinda Tate,404.53464325356,907,2739.4125795655,1579
Rick Grey,77.2015906005174,895,3162.66867135962,2076
Kieth Callan,375.52715349967,858,4697.7920076916,1881
Moira Stevenson,343.171121063256,716,3969.99883518042,4630
Wade Turner,319.733131124979,938,3519.23336126899,231
Anthony Veale,33.6052991708765,924,2603.2525326676,523
Tania Wigley,351.909117576624,871,3313.70948454259,1759
Denny West,235.496121732749,601,4594.64586340294,2215
Daron Page ,26.2431629333846,646,4013.5330625151,4206
Peter Thomas,219.484227055444,959,2986.42493484236,3058
William Hope,294.201056330093,511,3572.4788913417,4369
Cedrick Yang,295.20114465952,979,3220.11628820101,4724
Hank Rainford,3.03096923745748,688,4704.85563372721,1191
Maribel Rose,263.14184661449,535,3773.23724659031,3031
Aiden Wright,118.526386586263,882,3259.06979752661,3189
Kieth Hale,248.031374014929,683,4921.48290848009,1220
Benjamin Cooper,470.686305634066,672,4356.62794794218,4447
Leilani Dale,192.000036381185,981,3059.28020663898,3095
Liliana Weston,190.585014940512,980,4214.51472690679,4322
Lucas Radley,254.552678245377,829,4481.12355285097,3073
Alexia Moore,380.44934673442,949,4624.42126221555,4974
Ronald Collins,153.14293615061,875,4246.13537569816,4358
Roger Quinnell,24.2022016831684,585,3442.81748596663,1139
Melinda Malone,48.5562131477316,938,3047.75541550841,470
Henry Silva,378.50492401724,581,4898.85373671346,2558
Carla Torres,403.758454540166,708,4361.23783762345,179
Jazmin Willis,320.280268683694,815,4012.5435292416,4649
Hayden Weatcroft,58.9570698700645,693,3971.94066308622,292
Alexander Price,437.081174655855,674,3980.60741825803,779
Amelia Roscoe,53.3071678426616,659,4522.77205084393,1026
Javier Rigg,265.085445540997,980,2701.49350483087,319
Joseph Vallory,435.149761647056,908,3077.07748099886,2023
Carina Ripley,318.979256320735,836,3428.70022919341,96
Melody Ogilvy,65.2738473258325,592,2547.5471754384,3859
Ethan Bowen,311.639960801061,793,2854.59554052613,4242
Savannah Ashley,457.745802201678,614,4741.38785955235,344
Audrey Cunningham,62.0539344144305,692,4826.03677772174,629
Eduardo Patel,260.6873477966,801,2138.09775935584,4488
Rosa Milner,440.350772183552,691,4472.02497537016,2997
Jayden Scott,127.214843358945,942,2349.44640838422,364
Tony Ellery,181.679225187599,801,3386.70394544569,3298
Eduardo Drew,386.869088365635,824,2995.25697370118,2782
Manuel King,403.299717156822,514,4357.29775184314,3774
Johnny Heaton,299.403293423077,620,3589.46382474642,4802
Darlene Bryson,230.419438183969,823,4172.46083817094,468
Liam Drew,487.921223892794,978,2988.1110614385,2959
Enoch Coll,49.5768723108698,690,4545.95840839947,1882
Emerald Williams,87.242181821839,702,4062.56005890461,4813
Michael Carter,238.081824578383,919,4806.59956506807,2127
Caleb Woodley,381.269537288821,646,3947.58081900262,3438
Ron Oliver,385.611860280676,730,2811.78549128249,3482
Matt Jeffery,4.28643500585409,680,4985.92521324052,2830
Elise Powell,499.161390697659,988,4868.50641561556,2144
Ethan Giles,118.523358833754,830,4153.5646667851,4425
Martin Archer,487.206334240831,648,2427.37017986242,2929
Noemi Little,23.76806490485,672,4178.49230815121,544
Britney Rogers,370.814508339769,552,2096.30062444476,3050
Johnny Roberts,484.289892187477,860,3428.74972820922,1458
Macy Pope,199.856220548906,895,3174.16117247621,861
Carter Woodley,76.5097417493862,515,3658.72461675793,2202
Emely Mitchell,414.941850234727,952,4058.94095264326,205
Belinda Quinton,261.569102133424,509,2158.09340069913,1548
Harry Ainsworth,361.348595064761,826,4800.84658290625,1880
Tyler Mitchell,230.416182399921,782,2843.10477767843,1222
Harriet Crawley,180.711878846265,957,4251.29594615814,1676
Mason Murray,195.097843438432,708,4164.70996264029,649
Selena Truscott,83.8943749018453,547,3589.48347683413,4450
Martin Andrews,240.240084132291,732,4321.58022976554,1442
Chris Doherty,177.972078673994,526,2954.80574642718,912
Harvey Brock,202.737866402016,853,3306.1088526445,2279
Daron Tyrrell,73.8304155724265,614,2075.52909701901,3299
Owen Overson,445.615039614781,758,2384.65265668167,1137
Harvey Barclay,52.8475122558174,544,4738.50929595833,3348
Skylar Oatway,352.043535449097,565,2025.68632711549,1368
Emma Davies,327.327459621861,721,3178.39308950975,787
Lucy Clifford,218.275231275836,542,3436.18910303488,1446
Aleksandra Zaoui,411.232647154589,660,3676.08836770714,3555
Wade Fisher,147.882742425372,964,2732.75038912834,3647
Naomi Knight,117.711195048276,727,4793.15474249989,1901
Michelle Ryan,406.224809174065,927,4526.22948023827,3514
Diane Walter,166.096007172994,619,4195.63150678698,858
Juliette Parr,135.191383244559,762,3067.90375454626,2986
Adeline Adams,3.89073912933969,538,4823.08770906836,2935
Tom Vallins,375.450809996319,826,2677.42981762273,974
Maia Gordon,127.501968219644,539,2848.3789508894,3447
Crystal Ellis,9.45737295898487,660,2771.04527831406,3422
Sienna Appleton,306.39005038952,504,3956.56360660147,3416
Morgan Baker,297.044103939572,880,2990.31685944103,3298
Michael Vaughn,97.7219809702234,755,3165.80743321628,4433
Cherish Roberts,338.493316501609,702,4906.79543924695,3101
Hazel Egerton,244.601056834963,969,3189.10786266397,2885
Luna Truscott,274.687935711671,570,3984.15572865687,2508
Alan Glynn,77.2242319063396,791,2364.37518725562,2066
Martha Thorpe,304.624302552838,624,2423.79998855935,4453
Rick Widdows,53.7961884745379,807,4804.71338228589,1335
Julian Farrell,175.014274394146,668,4711.32771409272,2788
Mina Bennett,136.365973957519,612,3575.20411797995,3043
Gil Camden,454.407206514574,943,2749.85560842457,2709
Meredith Wills,237.218290858072,755,2946.39168069949,3233
Felicity Patel,485.705010429819,648,4073.60845326567,2115
Bob Vangness,358.579690554915,796,2016.66626702373,3236
Elly Phillips,287.10048612305,579,4387.34487441664,3956
Moira Lynch,345.955791187918,987,3737.57426707706,1811
Mark Jones,310.217144699403,899,3394.56129895037,1606
Felicity Wilkinson,424.467811993541,776,4590.96463334372,2850
Jacob Wallace,163.175229487091,680,3515.57508606351,2745
Kieth Morgan,137.137557509419,502,2689.88212170679,1844
Boris Fisher,261.109518171805,769,4512.50187457376,2513
Rosemary Russell,303.82757499806,995,3212.25374600862,990
Kurt Rodwell,1.11423197766497,821,2749.20065466277,2819
Gabriel Vallory,475.619667991353,792,2549.5774392614,1166
Erick Ainsworth,101.488977245749,836,4572.67066280156,1544
Evelynn Varndell,294.869349257028,941,4422.6091983256,426
Jayden Uttridge,481.272832061757,954,4925.09473559172,2408
Hannah Turner,3.42344565290187,625,4273.43881806659,2254
Chelsea Thorpe,224.143408142097,721,3000.29221675372,2715
Rylee Murphy,410.14375645674,505,3501.93668431925,1462
Liv Norburn,179.226951799927,697,2575.05974576811,3936
Anthony Willson,459.829444060954,715,3298.87648356281,954
Eve Fall,87.6291027099961,990,3097.58132423394,4697
Ellen Kennedy,318.505248850447,743,4873.14198405768,2179
Ryan Hall,457.257158103519,541,3968.67141357142,1703
Peter Curtis,360.38797478489,633,4459.72369252505,695
Isabel Gavin,275.992161653932,822,3364.86101199773,415
Gabriel Todd,373.961854927224,843,4984.51217565756,1517
Kimberly Marshall,29.5174084992695,978,3919.05696439839,536
Liliana Stanton,236.81656186926,890,3043.80737262024,3498
Jacob Cooper,273.459078351715,698,2002.60846391209,3228
Renee Nelson,319.725660431071,937,4891.82040366895,4303
Maddison Dixon,208.909464644692,967,3615.84113936584,1254
Ruth Johnson,332.399677729886,577,4963.93278582903,705
Russel York,73.0573025555617,954,2935.74568947952,2478
Ellen Sheldon,356.508452398008,998,4762.74920526694,3575
Catherine Farrell,323.007270063743,808,2436.50685056881,165
Peyton Silva,179.650549379015,896,4204.24130767083,1835
Alice Yarlett,8.10423375345032,581,3319.94394834011,4329
Mike Michael,107.743821578912,825,3318.21310817833,1436
Rhea Todd,393.998869785107,775,4627.8753901007,2581
Fiona Curtis,46.9781502522426,633,3887.46437778765,1475
Beatrice Khan,149.206011317766,531,4256.77950804717,3630
Wade Patel,256.918433431032,718,3517.05599478076,823
Ron Thomas,242.14003602189,614,3942.10594503214,3536
John Graham,400.583775020011,639,3066.75961762423,2272
Nathan Ballard,192.034007236377,609,4473.90997980438,3259
Alex Anderson,443.586005839792,961,2308.70842191005,3969
Hadley Gosling,157.650497458247,550,3068.21092315726,2527
Javier Wood,103.155858088823,579,4949.76022662072,3375
Kaylee Collins,118.660198461572,615,3731.61711737915,1418
Phillip Stevens,440.697197061822,937,3456.51572001423,2822
Ivette Reese,385.026789640089,911,4142.90112044471,3719
Alex Paterson,80.9042263049186,912,2741.80903977706,853
Cameron Butler,194.735582649119,516,4449.96706829079,2785
Angelique Ebbs,382.720679526553,820,3783.1473513833,1637
Caleb Allen,406.521929648948,879,3458.56510503942,3964
Peyton Bingham,431.633505035952,944,4114.32819103046,4559
Chad Bayliss,348.954203695038,529,2798.8968230858,4291
Elisabeth Corbett,14.564998200892,878,3495.30227394835,1431
Callie Niles,388.902454205278,585,2721.19963218607,3687
Anthony Andrews,290.059621797437,696,4184.56512191126,3501
Sebastian Andrews,226.547384070487,812,4702.21119353464,1588
Harry Appleton,496.363883878274,665,3805.04549287588,4921
Daria Amstead,263.456494584892,877,2966.45861258705,4710
Johnathan Mason,355.298245089267,999,2169.868562004,273
Bristol Rigg,228.875225857308,845,4558.55116682432,3046
Logan Mason,39.9787512589147,507,3224.89810451162,1559
Savannah Ellis,407.129206030224,544,4049.45169218232,2585
Chuck Cattell,332.936168399144,747,2830.88449868368,4187
Jacob Gray,426.674030086805,952,2436.24924955855,3220
Paige Vane,87.302801899753,700,4064.90093958513,3827
Noah Allington,354.77364335152,711,2522.72307566121,2864
Phoebe Faulkner,48.8013291544287,547,2529.22062123065,2624
Joyce Mcleod,443.668675124957,939,3334.33202350481,404
Anthony Flynn,446.976572711941,517,4189.01348144515,4905
Ruby Fenton,477.679054641481,975,2997.82851774005,4205
Leroy Purvis,310.997140564489,541,4626.75446485903,2993
Mina Willson,100.263002277009,720,3028.37283401767,3835
Havana Kaur,421.365799187853,893,2339.41778507988,3704
Chuck Parker,239.553517099728,920,2116.67932659419,383
Natalie Ward,297.016713737052,611,3309.39332033898,3181
Benny Durrant,79.6117502113859,653,2551.434983907,2019
Carter Mould,391.508085471349,789,3024.95033748539,3877
Jane Harper,197.159801907912,791,3095.83182469608,963
Daron Hill,105.406664290189,986,2454.36676216701,4289
Abdul Rycroft,159.294139948345,559,3309.6297186141,3785
Julian Bristow,190.251890102053,533,3340.46119148958,2674
Karla Addley,316.793024495613,889,2340.37580542284,654
Valerie Freeburn,458.630160345989,570,4164.81743129753,917
Phillip Rosenbloom,352.958114623538,765,4479.17817082451,514
Tyson Verdon,171.762905380113,972,3312.33926183793,75
Jackeline Mackenzie,294.203400005215,959,4963.44082991706,2150
Brad Steer,265.657967706517,717,4649.03857507838,4014
Aeris James,435.80657522511,807,4031.5931779745,4736
Caitlyn Ellwood,285.4796051348,645,2379.26402382006,4633
Rocco Thomas,323.717538863289,758,2300.5850467503,4542
Ramon Potter,309.4587167159,862,2427.4669703536,1161
Logan Anderson,180.910078845411,805,4913.90915407096,3934
Ivy Neville,404.404442805054,696,3523.67356212189,1089
Johnny Chappell,438.770094722402,610,4119.67369675807,3018
Sadie Larsen,356.427438108915,506,2176.50515704998,3383
Manuel Tyrrell,422.674851076526,904,4191.10674727713,4568
Hadley Walker,188.109977083798,892,3519.79480883004,712
Matthew Tindall,431.652697211435,618,2019.79446414523,2242
Anabel Little,388.749343417468,949,4152.66543928658,4116
Rufus Wellington,291.146070398458,831,2923.58801754964,2391
Morgan Jenkin,205.205934316481,816,4610.21630012487,3802
Elle Martin,337.838089505135,940,3079.138607306,4129
Nate Todd,343.65930594488,722,4885.19933222616,1459
Jessica Ross,77.5547812471887,532,4274.98827549861,4972
Macy Webster,306.907136580398,766,2416.8580968831,3429
Martin Aldridge,384.221256220351,503,4512.63831515267,1236
Ada Fall,453.448081123386,503,3022.37783088786,4775
Danny Hammond,67.9161344649811,924,4657.26233193058,4784
Makenzie Poole,456.546956724742,900,4276.33639757211,2832
Julian Nurton,296.316536366156,958,4452.72603389934,3279
Celina Upsdell,35.2704570755691,764,3734.97731150872,765
Aiden Oliver,407.883525285816,979,2151.08647782779,2900
Carissa Fox,170.147438809344,555,3320.71420566445,3274
Destiny Villiger,254.315410612764,595,2582.03208234721,355
Julius Whinter,452.335072836529,784,3945.49795373785,4219
Harvey Walton,41.540695346678,615,3009.00422362099,3035
Evie Quinton,311.628162883515,778,4623.66296742515,2035
Joseph Swift,263.621155379629,925,4664.82732373701,2019
Marina Healy,108.691084014108,824,2803.59045496285,4513
Susan Rust,80.1720596771557,655,3749.32379763775,2589
Oliver Mccall,116.029916587765,836,2488.88427498233,3728
Johnny Cunningham,494.19307365976,856,4478.54408059248,477
Phillip Harper,197.354096366257,518,3960.0593332737,4145
Blake Bailey,433.943544093028,648,3001.86106263467,1130
Benny Faulkner,56.0532107823776,903,4711.601193114,1337
Belinda Lakey,158.332430988705,813,2647.76007435041,3347
Goldie Vangness,9.57796143022271,985,4529.78537891376,1394
Erick Franks,446.654387286238,666,3462.47691624075,4916
Olivia Rossi,9.49056634283185,876,4310.94123959073,1161
Gil Adams,476.650130033796,591,3883.63926056663,1143
Ada Simpson,454.268765653143,633,3583.7386942621,4002
Harvey Miller,155.828939134175,927,3934.99946545437,245
Ron Fall,247.246485053211,818,4215.65496565944,3622
Barry Murphy,98.2651022594725,507,2310.5085179417,722
Daron Wills,167.488496249303,875,4857.88240369776,610
Bree Tennant,209.307676024413,825,2403.55958011679,4806
Chris Spencer,173.170021066521,806,3630.52212438105,2629
Johnathan Hopkins,79.205469572081,660,4133.64419297764,3457
Boris Cunningham,195.541896497617,682,3544.67885874662,3878
Maribel Grey,250.061470140266,852,2161.016680229,120
Caitlyn Tailor,414.789825455188,983,2678.30245839958,953
Noah Trent,455.706352582996,831,4877.52806708008,4122
Chanelle Widdows,361.831294040117,745,4514.05120015659,4668
Chester Jeffery,424.103736525915,594,2889.65280303529,4949
Courtney Emmett,112.163961529808,619,2520.94709823092,3884
Logan Eyres,121.540698913178,766,4642.28208854901,1600
Bryon Harper,323.990513571068,869,2097.60543503221,762
Fred Clark,243.615228622973,526,4021.40570605891,3751
Angelica Summers,351.548428111965,942,4142.73617013764,2353
Eryn Cadman,49.967730211079,910,4606.21507745991,1582
Noah Whinter,104.190522060818,779,2261.61339310678,1141
Tiffany Horton,414.568037908789,567,4349.00160436891,3667
Jacob Whinter,469.932605558975,627,2804.98083673836,1133
Nick Osman,488.616182397407,700,4211.50696940418,2495
Ron Thornton,487.616168903474,967,3968.73542419948,597
Wade Moore,237.313759956189,983,2264.08158711022,4184
Wade Mackenzie,266.938533617621,604,2995.5439614414,752
Julia Walsh,283.09134488138,530,3907.82043720587,1644
Norah Gunn,426.282792936677,598,2405.76283573721,3787
Valentina Burge,392.888315647323,767,3689.20860100687,1396
Tyson Upsdell,75.6422252346027,536,4354.17929439628,3666
Nicole Ross,375.838391336537,746,3911.71288598269,1343
Carol Emmett,388.397940546925,587,3356.91632409716,2376
Johnathan Blythe,233.001999249217,941,4345.11100453516,1954
Vanessa Varndell,345.068099113679,551,3392.01659009606,4114
Mason Kelly,328.147842482733,587,2798.48830849933,2665
Angelina London,279.696276874606,862,3790.78396208947,2438
Caitlyn Strong,125.967885829493,863,2307.04274871901,2430
Lara Neal,420.31286849748,690,3058.82660560302,1253
Nate Ryan,469.200127218943,756,3049.44776830238,1815
Estrella Norburn,222.092827975793,642,3847.84480894303,1821
Jacob Ramsey,251.553433721677,552,4068.16822592596,516
Aiden Carter,325.205725578687,934,3426.35202331625,2196
Julius Hopkinson,212.89947263333,760,3093.7437751278,34
Caitlyn Cattell,162.22565565781,734,2051.46793472928,2251
Dakota Ellis,219.249094054219,515,3231.42426861516,4775
Danny Ingram,330.969432837316,870,4534.67204497087,821
Sadie Connell,89.1384804417093,904,2295.73402331012,2577
Cameron Ainsworth,483.633343541824,868,3258.9229884585,3050
Rufus Kaur,210.0137553718,737,3694.43671676956,177
Darlene Stewart,276.478435034621,776,2911.10512569272,37
Sylvia Hancock,490.340373691796,757,3549.59967048354,4110
Doug Webster,47.2415352767527,523,2392.19706666991,835
Melinda Weatcroft,1.61289892513906,850,4322.92188350387,2198
Jessica King,356.663196986384,764,4191.44598264314,2742
Mason Yard,458.903748382304,707,3959.87679208996,2381
Roger Richardson,318.420726748379,640,3159.57142820096,3067
Chuck Gunn,450.207385319382,709,2226.68474247292,1702
Grace Redfern,273.362014291045,897,3494.12428011239,2654
Harvey Roman,17.3486092921107,868,2676.81396903974,4189
Maxwell Walton,421.326694794617,545,4744.17001825812,2371
David Zaoui,373.841012778618,609,2221.95456292432,4509
Lillian Harris,129.138983548218,648,4251.38443331252,3777
Caleb Parker,13.6761162773129,696,3741.68889440116,2450
Manuel Snell,103.632084693123,595,2963.71134435186,98
Zara Mackenzie,185.959018345903,697,4502.0469137924,2003
Lucy Cox,271.091804715848,971,3008.88920760336,3212
Lily Mcleod,33.1656468869958,576,4187.57205037986,492
Grace Fowler,265.936050940275,713,2830.67845144667,643
Phillip Andrews,115.191447953317,814,4978.46464279595,2798
Davina Stewart,353.869299983545,871,3648.47025708597,4751
Ronald Bloom,411.639835335612,693,2886.58029829924,370
Logan Gilbert,314.265259149608,706,4441.5558612312,1163
Benjamin Purvis,399.07247592419,850,3777.29496774603,3062
Michael Corbett,20.9803117480969,732,3432.68600616822,3359
Anthony Leslie,91.9334446955162,805,3666.37382095883,4393
Erick Powell,176.892042749977,656,3530.47597553696,4241
Kurt Archer,195.230391133218,672,4323.96164343737,162
Logan Fisher,363.150775192376,789,4224.77573681985,2991
Cedrick Stevens,479.244039008042,849,4467.2260014644,2445
Ramon Lewin,395.528205703259,752,3852.09685452566,4472
Owen Garcia,336.407236814689,985,3736.58537156255,3966
Martin Weston,58.6094642233148,558,4145.29454308157,2920
Tyson Simpson,118.567009798049,502,4567.85622028441,4893
Ethan Verdon,51.1098908158531,526,4054.00392999314,635
Michael Woodcock,358.379695643848,829,4716.54932938728,2935
Erick Gavin,270.075172115618,616,4761.45774068006,3374
Rufus Niles,361.816117640965,775,4979.20242847372,2029
Ethan Eaton,301.430299347467,802,4967.84415668475,3753
Chad Vaughn,444.330098887128,508,3252.02191221017,266
Alexander Gilmour,409.180977028879,826,3137.33763898971,2509
Marvin Garcia,466.72356679883,588,2758.16457153632,1888
Alan Gray,384.550312604546,615,3448.82111397191,74
Russel Smith,32.3053741964071,897,3494.3880441335,1828
Carter Windsor,438.22211850864,546,2311.94404947569,3480
Javier Clifton,432.635820915287,582,3920.3596978436,3946
Alexander Whittle,436.335770868853,679,3912.74662975024,4396
Ramon Dempsey,466.435729526186,667,4434.95171980232,1212
Hank Jacobs,140.664292581689,803,3605.45994680769,3278
Abdul Calderwood,4.42402122841404,972,2014.81790491232,2755
Tyson Rogers,315.239574857168,737,2640.77388351354,4814
Roger Reese,192.053464854627,842,4769.25308420847,895
Domenic Miller,340.338407934801,937,4112.34222810266,4896
Johnny Radley,448.928529545166,808,4353.73241230181,2620
Joseph Dobson,268.066914082536,945,3930.68193278028,1852
Daniel Sherwood,70.0833898713269,585,4300.22631297923,2090
Domenic Kirby,355.926590648911,948,3488.15650429398,2253
Anthony Morris,56.5993619051759,660,2480.26700579481,2485
Sebastian Pratt,141.03677233124,828,3516.77840572865,2155
Daniel Nayler,193.13044126757,851,2599.40647823895,1667
Tom Ingram,22.0388180124754,955,3319.2377724793,3630
Harvey Winchester,197.978247310956,908,4021.5288997458,4913
Barney Wheeler,217.205162807463,574,3399.23096201766,1191
Matt Gordon,229.912175166845,596,4962.72554445487,1607
Maxwell Goldsmith,211.842537974865,899,4791.29588831323,4822
Liam Stubbs,212.712291882705,800,4158.11465382302,1554
Ronald Baldwin,340.577420231689,903,4017.22929305408,1092
Joseph Vincent,60.4052394183377,626,3484.0064986567,1675
Mason Hudson,282.502361648484,954,2551.34734109572,1793
Mike Holt,112.739258597949,898,4646.01646200196,3619
Ramon Uttridge,199.750182570773,806,3741.03009787157,2726
Ronald Stuart,344.92864978217,852,2799.94153512034,2260
Lucas Morris,415.497654643607,615,3347.37447119661,2211
Ron Jacobs,52.2369178758175,694,3586.91384452857,102
Nathan Jefferson,320.982603149946,736,3092.12089078553,1737
Rick Norris,301.957351574654,898,3036.82449504166,3042
Matthew Whitehouse,193.947605126047,687,2512.66936127733,1768
Anthony Moran,40.1586105889448,507,4056.54832292374,2802
Luke Hammond,14.4669864156595,688,4648.55793573501,3820
Daron Clifton,107.75874371536,706,4340.3044121332,820
Bryon Hobbs,268.468960731974,656,2355.83044442387,812
Harvey Darcy,421.915890020279,704,2711.8058003759,2034